image_urls,imageId
https://fastui.cltpstatic.com/image/upload/hotels_qa/places/hotels/cms/2629/2629098/images/f43ce54a_z.jpg,1_2629098
https://fastui.cltpstatic.com/image/upload/hotels_qa/places/hotels/cms/2629/2629098/images/dbe7bda2_z.jpg,2_2629098
https://fastui.cltpstatic.com/image/upload/hotels_qa/places/hotels/cms/2629/2629098/images/eb4855ac_z.jpg,3_2629098
https://fastui.cltpstatic.com/image/upload/hotels_qa/places/hotels/cms/2629/2629098/images/9e650cce_z.jpg,4_2629098
https://fastui.cltpstatic.com/image/upload/hotels_qa/places/hotels/cms/2629/2629098/images/909f6b72_z.jpg,5_2629098
https://fastui.cltpstatic.com/image/upload/hotels_qa/places/hotels/cms/2629/2629098/images/b58e5268_z.jpg,6_2629098
https://fastui.cltpstatic.com/image/upload/hotels_qa/places/hotels/cms/2629/2629098/images/390fe4a6_z.jpg,7_2629098
https://fastui.cltpstatic.com/image/upload/hotels_qa/places/hotels/cms/2629/2629098/images/04a3433a_z.jpg,8_2629098
https://fastui.cltpstatic.com/image/upload/hotels_qa/places/hotels/cms/2629/2629098/images/ef6c2022_z.jpg,9_2629098
https://fastui.cltpstatic.com/image/upload/hotels_qa/places/hotels/cms/2629/2629098/images/2e138d4a_z.jpg,10_2629098
https://fastui.cltpstatic.com/image/upload/hotels_qa/places/hotels/cms/2629/2629098/images/a0defa3f_z.jpg,11_2629098
https://fastui.cltpstatic.com/image/upload/hotels_qa/places/hotels/cms/2629/2629098/images/d8b8861b_z.jpg,12_2629098
https://fastui.cltpstatic.com/image/upload/hotels_qa/places/hotels/cms/2629/2629098/images/25386a1a_z.jpg,13_2629098
https://fastui.cltpstatic.com/image/upload/hotels_qa/places/hotels/cms/2629/2629098/images/0fb5831e_z.jpg,14_2629098
https://fastui.cltpstatic.com/image/upload/hotels_qa/places/hotels/cms/2629/2629098/images/d17c12a6_z.jpg,15_2629098
https://fastui.cltpstatic.com/image/upload/hotels_qa/places/hotels/cms/2629/2629098/images/382111df_z.jpg,16_2629098
https://fastui.cltpstatic.com/image/upload/hotels_qa/places/hotels/cms/2629/2629098/images/047b0e59_z.jpg,17_2629098
https://fastui.cltpstatic.com/image/upload/hotels_qa/places/hotels/cms/2629/2629098/images/9c232b78_z.jpg,18_2629098
https://fastui.cltpstatic.com/image/upload/hotels_qa/places/hotels/cms/2629/2629098/images/fd0c3418_z.jpg,19_2629098
https://fastui.cltpstatic.com/image/upload/hotels_qa/places/hotels/cms/2629/2629098/images/b6eb6561_z.jpg,20_2629098
https://fastui.cltpstatic.com/image/upload/hotels_qa/places/hotels/cms/2629/2629098/images/0e8d3067_z.jpg,21_2629098
https://fastui.cltpstatic.com/image/upload/hotels_qa/places/hotels/cms/2629/2629098/images/f4dd9880_z.jpg,22_2629098
https://fastui.cltpstatic.com/image/upload/hotels_qa/places/hotels/cms/2629/2629098/images/de6d7b00_z.jpg,23_2629098
https://fastui.cltpstatic.com/image/upload/hotels_qa/places/hotels/cms/2629/2629098/images/9069af85_z.jpg,24_2629098
https://fastui.cltpstatic.com/image/upload/hotels_qa/places/hotels/cms/2629/2629098/images/a4a15ec5_z.jpg,25_2629098
